﻿<layouts>
  <layout name="Default" width="1366" height="570" size="1366" prefSize="1366" defaultHorSize="-1" defaultVerSize="-1" type="Horizontal">
    <group size="64" prefSize="64" defaultHorSize="65" defaultVerSize="130" type="Vertical">
      <item size="283" prefSize="283" defaultHorSize="65" defaultVerSize="130" id="Toolbox" visible="True" status="Dockable" />
      <item size="284" prefSize="284" defaultHorSize="65" defaultVerSize="130" id="Palette" visible="True" status="Dockable" />
    </group>
    <item size="1093" prefSize="1093" defaultHorSize="130" defaultVerSize="130" id="Canvas" visible="True" status="Dockable" />
    <group size="203" prefSize="203" defaultHorSize="130" defaultVerSize="130" type="Vertical">
      <item size="253" prefSize="253" defaultHorSize="130" defaultVerSize="130" id="Layers" visible="True" status="Dockable" />
      <item size="221" prefSize="221" defaultHorSize="130" defaultVerSize="130" id="Images" visible="True" status="Dockable" />
      <item size="90" prefSize="90" defaultHorSize="130" defaultVerSize="130" id="History" visible="True" status="Dockable" />
    </group>
  </layout>
</layouts>